ID,ILLUM,HUMID,CO2,SOUND,TEMP,RYTHM
0,337.9,63.29,518.13,22.38,18.59,76.61090897794236
1,342.96,63.19,488.85,37.36,20.41,80.6857330016554
2,369.86,57.39,516.86,26.45,20.89,80.35619078818515
3,304.65,67.8,517.5,32.98,22.52,83.49169480769832
4,442.25,68.21,500.91,37.28,21.88,84.09977011489315
5,736.84,66.18,540.48,24.58,22.51,86.68617033378285
6,460.0,59.88,460.3,49.72,18.76,80.94389092702563
7,394.64,64.34,519.61,35.99,19.51,81.3251948420704
8,430.41,65.21,512.5,31.24,20.32,81.26808604697426
9,432.9,63.51,412.19,38.55,20.8,78.44380828911822
10,408.16,71.85,538.17,36.91,20.73,84.26361992527589
11,392.64,74.98,454.5,24.66,21.12,77.85038505069426
12,284.79,64.23,518.91,19.08,21.03,78.43153978964332
13,444.47,68.55,461.97,21.22,23.58,80.74827314729855
14,397.99,64.42,518.99,27.85,21.56,82.03607085539937
15,359.74,73.42,464.84,26.35,19.23,76.0944088513908
16,393.78,69.13,477.95,30.23,19.65,78.29399935236442
17,477.04,67.07,415.8,24.18,19.42,74.30872241863334
18,446.17,62.14,519.08,36.81,22.01,84.92213749287384
19,334.03,73.59,567.12,32.39,18.29,81.12213300425782
20,390.99,62.29,463.81,31.64,21.92,80.43834257328142
21,379.24,70.2,466.4,31.76,18.57,76.6412047683053
22,346.23,67.93,474.49,24.74,19.98,76.85425706346398
23,385.8,66.51,513.31,31.5,19.09,79.50093779405512
24,447.93,65.34,546.72,40.63,19.49,84.17646203317136
25,303.87,65.15,404.05,42.79,17.86,74.26498647097632
26,540.21,68.05,493.24,32.5,19.77,81.00247055927552
27,291.4,65.93,425.79,36.36,22.31,79.24880382684499
28,620.03,68.95,526.59,26.17,18.71,80.74171815169987
29,539.9,71.64,385.9,27.98,20.33,75.46256975831096
30,501.58,73.71,471.35,28.08,21.27,80.57639194535014
31,408.14,64.46,528.47,34.98,18.87,80.89395749793685
32,510.28,69.13,483.31,31.45,21.64,82.30703254712735
33,420.26,62.21,542.06,31.78,18.16,80.05447120817664
34,562.05,66.58,529.8,27.36,18.32,80.09157366667279
35,460.19,76.4,508.85,23.91,18.94,78.39527445078286
36,593.98,64.49,528.8,36.1,16.84,80.38923541452796
37,487.84,64.82,489.65,25.97,21.69,81.1580708414718
38,404.1,68.71,424.02,20.83,19.49,73.44910022030277
39,560.16,59.98,350.51,35.05,23.69,79.18785416679874
40,389.87,63.12,455.93,33.71,21.15,79.57803785287128
41,296.58,65.98,515.48,30.15,20.27,79.91612152603346
42,614.66,71.6,499.02,31.81,20.51,82.8168394638259
43,460.72,65.3,437.65,40.54,19.11,78.39579572295932
44,535.67,73.66,473.12,26.63,18.52,77.31862351712778
45,452.61,63.08,485.4,38.86,18.0,78.91517332023703
46,555.29,61.89,499.86,31.96,19.98,81.43260702006265
47,317.54,69.15,465.65,41.83,17.83,77.31442796290048
48,588.07,70.26,535.14,30.66,21.44,85.20722523781619
49,470.28,66.92,459.86,26.16,23.12,81.3552233504004
50,472.96,64.18,468.82,20.55,22.58,79.8652442918689
51,392.06,65.71,480.77,28.71,22.2,81.08556198438019
52,427.03,69.68,484.94,29.08,22.29,81.91382395236786
53,384.21,73.73,455.08,32.39,19.91,77.98835895378599
54,391.89,68.5,530.84,33.31,20.41,82.481190963247
55,456.09,70.77,512.59,33.38,18.13,79.47266153149523
56,437.62,67.61,474.2,25.86,18.57,76.19882311216905
57,466.98,65.76,534.49,38.83,18.21,81.80750373002333
58,485.25,67.79,516.33,28.68,20.34,81.49622326437083
59,537.59,65.44,475.0,31.49,19.03,78.88030601347074
60,444.27,62.92,499.52,36.85,20.55,82.19180959107658
61,330.22,66.92,582.33,25.31,21.83,84.40450693339909
62,420.54,65.19,364.76,26.38,19.98,72.36652324342435
63,540.08,68.4,571.02,31.89,20.45,85.56508093220226
64,595.71,69.46,465.41,45.9,19.55,82.83038238508725
65,476.53,75.65,430.41,31.56,19.64,77.15150795930961
66,434.93,68.88,521.83,23.59,21.13,81.18634169272424
67,373.3,67.41,476.76,18.92,20.22,76.21834827988472
68,451.94,65.02,475.38,28.72,21.1,80.01229853503564
69,504.49,64.86,444.47,48.62,18.19,79.77180109224078
70,512.86,71.0,478.32,31.0,16.27,75.51767039431411
71,447.31,71.15,493.16,23.61,20.76,79.49495131817723
72,394.76,71.24,426.7,24.42,20.27,75.29992664529549
73,341.71,64.31,508.85,26.34,23.66,83.23468934987066
74,433.73,67.77,499.65,26.88,23.45,83.5788975721384
75,378.26,55.01,498.63,40.48,20.48,82.03104482928372
76,357.03,58.56,567.36,40.73,20.07,84.90629235071036
77,436.45,66.99,466.17,45.14,17.69,78.91957730308484
78,353.34,65.32,480.15,32.37,20.16,79.01381418878346
79,525.27,55.87,450.95,30.41,19.04,77.08062260221226
80,523.32,64.91,440.55,32.51,17.71,75.64511787681853
81,377.37,62.51,471.43,21.51,19.65,75.7274945651905
82,433.7,70.68,452.34,32.45,18.46,76.47143655567281
83,454.21,60.65,581.39,33.28,18.24,82.69861818195777
84,321.04,65.06,567.23,35.07,20.4,83.91677222972446
85,541.71,72.9,464.71,30.86,17.52,76.64580692891558
86,530.04,73.96,474.97,39.19,18.29,79.83471843933432
87,448.45,60.9,533.43,31.93,19.29,81.2513286032742
88,459.17,75.15,520.53,30.9,21.43,83.48215540695544
89,503.98,63.29,539.77,26.56,20.74,82.72665774392107
90,384.22,72.32,482.21,29.79,19.91,78.72729138215814
91,435.11,57.89,461.84,38.11,23.39,83.8192737090127
92,574.64,62.62,413.03,36.55,17.19,74.93528643349282
93,391.52,69.33,474.28,28.66,19.19,77.19499800539376
94,575.74,69.49,535.75,26.81,18.6,80.81351639108397
95,557.9,66.56,544.17,36.41,22.36,87.65020182519497
96,334.6,70.09,482.17,30.02,18.97,77.11844877521642
97,498.29,70.65,459.74,29.51,19.49,78.03559582149194
98,501.62,68.71,511.43,31.34,19.82,81.37869701912052
99,579.22,66.69,431.93,37.4,19.72,79.28729546862172
100,448.4,66.23,514.71,24.92,19.24,78.87769184128001
101,531.62,71.55,537.24,36.68,18.24,82.26357315066991
102,390.08,58.53,522.9,32.26,22.15,83.67297035361766
103,572.36,66.31,514.42,29.06,19.62,81.36451580809442
104,328.96,68.82,494.08,34.0,18.66,78.11650940267621
105,323.69,59.91,479.1,25.45,18.78,75.35020609757022
106,374.45,70.26,458.52,24.34,21.51,78.15462680426344
107,347.77,64.88,541.79,30.14,21.11,82.67671245810898
108,398.15,63.84,489.03,32.1,21.3,81.14739190048444
109,420.39,63.17,487.01,39.41,18.62,79.57628101526065
110,592.96,65.28,546.55,26.76,19.75,82.77389371770519
111,480.26,64.59,560.16,34.92,19.49,83.86941763512608
112,369.64,56.3,473.15,50.34,21.89,84.59132025134183
113,471.24,71.37,488.96,34.39,19.72,80.60584641730723
114,381.42,79.34,511.85,28.42,15.85,75.14215721817902
115,442.84,64.37,477.98,34.7,18.25,77.88763474220899
116,323.09,64.88,568.97,39.86,18.7,83.00039607289658
117,569.08,68.89,512.96,31.73,19.26,81.48138376920542
118,369.6,66.19,502.72,26.74,21.83,81.10374561961605
119,421.3,62.97,496.74,33.73,19.55,79.94908600695192
120,535.0,60.27,482.38,34.0,20.97,81.98180300758894
121,465.95,71.55,505.87,22.93,19.77,78.95694204507777
122,430.0,60.6,435.48,36.77,16.43,73.7973275262425
123,422.43,72.76,454.67,38.54,19.72,79.40400825172362
124,453.62,67.26,515.87,24.59,21.18,81.29498419319953
125,414.14,71.06,499.61,32.66,20.74,81.46432328198082
126,432.26,68.92,412.23,23.17,23.46,78.45824675663934
127,359.99,69.22,483.53,29.87,19.63,78.16191028751491
128,627.61,60.03,455.89,35.5,19.77,80.37696307650604
129,554.18,62.39,446.78,35.32,19.61,79.08661364173112
130,409.12,76.03,510.27,20.23,17.37,75.27813443372445
131,511.08,69.78,497.96,31.45,17.34,77.83966004678015
132,357.12,66.26,517.37,23.78,22.7,82.12803861964773
133,355.25,65.95,485.35,32.81,20.01,79.2212632727831
134,429.12,60.87,477.85,33.3,20.19,79.70654296670153
135,557.17,73.36,446.39,28.17,19.73,77.98516031309542
136,411.58,66.31,452.23,34.99,20.04,78.6146468402186
137,518.49,79.5,464.97,19.8,19.92,77.12735210810428
138,297.61,62.24,515.2,22.94,22.06,80.40301160734572
139,378.12,66.14,571.08,42.08,18.86,84.32295790186159
140,367.24,59.6,507.72,30.81,21.22,81.294600780255
141,381.85,61.68,501.83,42.87,19.51,81.75523181042932
142,361.7,65.07,480.62,35.34,18.24,77.42499361634765
143,504.78,69.8,545.63,25.78,18.71,80.57288209543849
144,430.55,56.25,515.5,17.42,21.41,79.46774183095526
145,476.31,65.47,526.97,26.76,19.36,80.26802648765852
146,392.52,69.73,516.43,38.94,20.01,82.55154787671974
147,500.83,64.61,473.07,28.12,19.7,78.50184095610449
148,473.59,78.51,488.88,24.23,21.65,80.94547594208335
149,237.46,66.09,534.56,30.77,19.81,79.90360918553755
150,469.67,66.64,462.93,23.88,18.59,75.49608646718978
151,421.65,73.23,534.66,27.35,21.17,82.69508235866103
152,589.59,67.14,534.84,32.02,19.22,82.72074661678141
153,462.17,63.18,527.97,26.7,19.36,80.11101372843464
154,397.05,71.37,482.76,19.48,19.75,76.39638585362438
155,350.47,65.74,527.29,18.68,21.71,80.22811053246339
156,325.3,75.0,474.86,19.74,22.93,79.36823731994518
157,324.64,77.88,458.95,27.31,20.77,77.68624066265467
158,406.37,62.19,508.18,35.25,21.18,82.67001967363328
159,464.09,66.53,491.26,16.04,19.84,76.65180080124681
160,517.5,71.95,557.98,33.03,20.8,85.4853634032428
161,375.58,69.8,446.9,24.44,19.74,75.44811342920643
162,394.49,64.66,558.34,38.87,21.31,86.07079633119874
163,595.28,64.14,401.43,25.02,23.61,79.86345433480325
164,517.18,71.05,483.34,29.58,19.3,79.17578774654946
165,509.44,58.15,470.36,38.62,20.55,81.5922726989493
166,599.02,54.57,460.97,25.17,20.25,78.53842933326227
167,616.02,71.47,431.14,28.04,22.11,80.57341367751101
168,460.0,61.93,473.12,35.32,20.51,80.61377821861629
169,437.96,75.3,380.53,26.74,20.63,74.46068929650622
170,470.32,63.46,481.21,37.82,23.29,85.07440608076871
171,289.01,71.51,509.97,26.22,20.01,78.55384389759043
172,311.43,59.78,521.93,37.32,19.91,81.32852145151459
173,478.05,63.57,559.05,37.51,19.96,84.90238691659918
174,572.54,64.12,409.65,35.41,21.7,80.01644894803212
175,401.01,71.24,533.44,27.3,17.9,78.40920981873725
176,424.53,74.32,461.45,36.76,18.65,78.11543452588458
177,714.73,69.14,493.07,23.74,18.26,78.87017544277826
178,313.0,75.98,477.77,19.5,21.64,77.80933107004113
179,515.73,66.91,476.76,31.22,18.63,78.26467434360822
180,455.93,61.99,506.51,32.54,22.52,84.06841702730287
181,405.26,68.35,465.03,35.01,18.19,77.00820423000715
182,437.38,73.91,534.46,33.05,19.07,81.54490095423499
183,518.46,71.8,457.88,14.74,20.49,76.14413563790941
184,362.01,65.47,482.52,34.04,20.14,79.555795848055
185,437.42,57.74,557.37,27.24,23.35,86.1537801598741
186,391.05,72.58,502.93,35.08,19.97,81.05534034757453
187,268.68,48.35,538.89,48.72,19.16,83.0410454261379
188,537.95,68.93,545.48,28.47,21.76,85.13498945597925
189,492.99,62.98,486.97,30.25,19.41,79.18823447470994
190,460.93,67.67,503.34,22.38,18.52,77.03859059365583
191,342.44,70.17,495.39,22.3,21.39,79.09853302117098
192,326.93,60.68,462.63,36.4,18.96,77.19664290442991
193,398.36,62.35,415.41,31.33,20.47,76.27614458316404
194,428.97,66.0,518.9,38.26,21.44,84.4896628321579
195,588.64,70.66,488.37,29.48,21.43,82.63136130128387
196,459.19,66.43,538.83,40.0,17.34,81.17029514314423
197,248.83,76.1,586.05,19.04,20.07,80.59604644783968
198,468.52,66.42,445.46,23.26,23.38,80.2916368414944
199,614.16,62.43,522.32,35.35,18.97,82.61581657899508
200,217.19,67.34,523.36,28.92,17.62,76.13423941929013
201,519.98,77.81,518.24,28.17,20.28,82.00562741116399
202,399.42,64.49,531.98,39.22,19.05,82.13509349355772
203,575.34,70.39,492.23,27.76,20.13,80.73957998890442
204,397.58,58.33,524.54,22.02,19.91,78.85870213206086
205,455.85,64.79,520.17,29.89,19.62,80.72446593934572
206,432.86,63.74,474.36,35.54,21.52,81.75258428661672
207,458.33,67.08,486.73,21.79,18.01,75.42539204817392
208,412.26,58.03,496.2,37.32,20.18,81.25067901446207
209,389.6,71.95,544.02,25.93,22.56,84.20804848529595
210,264.39,78.16,532.68,24.76,20.49,79.9069266225677
211,320.38,69.39,565.06,41.61,18.56,83.12099583495343
212,367.05,66.98,465.92,28.93,20.23,77.81195988835427
213,466.24,66.53,466.82,20.63,20.8,77.62713919365164
214,426.86,76.55,616.29,19.7,19.61,83.32227108487362
215,436.68,66.39,424.36,28.67,18.81,74.58718895688112
216,414.93,73.62,517.96,32.82,18.36,79.60018456981341
217,343.02,66.05,464.35,25.1,21.45,78.13197433112775
218,459.88,70.51,489.49,41.08,16.77,78.38570901155069
219,484.72,69.19,486.01,19.88,25.55,84.42616336267687
220,646.06,59.45,524.49,30.94,20.7,84.0671357625945
221,530.31,62.06,467.18,41.45,20.09,81.79532158139473
222,373.3,57.7,446.38,40.37,21.58,80.7785051695736
223,385.11,69.59,531.15,26.15,22.65,83.61905849837768
224,443.84,65.02,492.14,29.6,20.41,80.12519263759623
225,370.16,63.05,458.77,30.69,20.39,77.95398963135689
226,546.99,75.72,506.59,35.77,20.47,83.50771904944118
227,380.07,66.6,519.1,27.08,21.64,81.86786767972653
228,510.21,65.82,489.01,34.67,21.17,82.62986535206838
229,481.11,68.65,470.05,28.52,22.55,81.83278268646875
230,440.4,62.95,414.24,19.05,18.72,71.80915975569015
231,428.76,69.82,479.08,37.53,19.09,79.60545524981232
232,537.59,66.61,462.24,27.22,19.41,77.80727927438437
233,606.0,64.19,475.72,35.37,19.8,81.28906448320991
234,479.8,66.06,452.18,32.45,21.86,80.88243694642578
235,541.99,69.59,524.73,29.07,18.4,80.21226132367262
236,442.35,59.77,417.0,34.76,23.66,81.30718993746109
237,334.37,68.78,512.05,25.04,17.95,76.2357986788403
238,420.81,66.64,499.72,32.45,19.83,80.25577235796978
239,424.1,60.58,478.79,48.42,18.63,81.11157082848764
240,536.02,70.5,504.49,26.3,19.06,79.37393548768623
241,504.98,72.54,521.26,36.25,19.13,82.24109814991559
242,331.37,63.05,523.39,29.65,22.22,82.8023160059759
243,230.06,61.0,494.61,24.3,22.64,79.73031711467836
244,390.65,71.36,581.54,22.67,18.64,80.59208021778115
245,449.46,58.87,517.89,35.99,21.86,84.43976973224248
246,553.59,69.28,566.66,28.73,21.53,86.11691920476298
247,270.15,67.16,507.17,21.52,19.83,76.87398992097589
248,353.68,65.49,533.47,27.47,19.79,80.14839414622378
249,408.68,71.99,557.8,29.48,19.36,81.95902069178409
250,559.77,70.85,556.73,27.1,19.5,82.90357019673931
251,434.15,71.86,522.32,25.61,20.33,80.75780244930282
252,314.57,69.58,487.6,39.96,20.69,81.4524296845205
253,377.46,58.64,488.34,28.59,20.59,79.14846661159662
254,556.07,70.83,517.61,31.35,19.95,82.4025375360537
255,584.52,73.81,523.48,24.62,20.79,82.58579826548704
256,410.3,64.98,507.4,14.88,23.6,81.22931986215553
257,433.09,72.3,481.95,27.42,22.24,81.47068991826909
258,406.69,66.25,527.64,32.52,21.55,83.60550164484194
259,344.9,61.41,497.96,38.8,21.32,82.52537944158112
260,460.2,68.13,566.33,28.6,19.93,83.24422510424854
261,393.85,69.37,480.34,14.44,22.69,78.65794179762483
262,448.18,58.29,474.53,30.47,18.06,76.4385718960038
263,434.54,59.5,514.54,39.51,21.01,83.89264312932234
264,457.74,60.48,468.0,29.51,21.77,80.55738128827106
265,596.18,61.0,471.4,43.79,20.78,83.92612452442472
266,414.52,59.37,503.81,41.71,20.0,82.42825799607684
267,442.92,57.36,486.15,35.93,22.41,83.41627301689947
268,526.76,66.93,500.62,36.41,17.14,78.876631131157
269,407.9,59.55,451.39,33.22,22.65,81.1308663249401
270,287.57,72.2,488.35,31.14,20.13,78.70817400128978
271,541.44,72.38,506.08,26.87,20.12,80.9667535136958
272,487.97,64.67,533.74,31.34,20.45,83.01297317769998
273,454.36,68.51,486.63,24.58,19.84,78.2561196460346
274,470.35,65.62,586.57,40.24,18.41,84.9712708716384
275,405.32,64.54,543.51,21.64,20.24,80.36338406513597
276,370.82,58.18,535.54,36.87,21.24,84.01806398210644
277,293.05,62.32,474.16,26.11,20.56,77.198085120181
278,468.85,80.2,584.84,15.84,16.4,77.50585388224484
279,563.96,68.56,447.96,38.27,18.72,78.97257209573496
280,503.3,68.35,444.71,30.26,20.45,78.59992930191162
281,381.87,64.38,433.84,22.79,21.17,76.08003411315056
282,399.73,65.52,513.91,33.51,21.67,83.20186638402615
283,510.9,70.51,466.61,31.82,19.52,79.0294918386184
284,362.03,74.21,499.52,22.02,18.01,75.43146297381875
285,406.75,60.96,491.64,35.72,20.66,81.28917431860121
286,460.06,63.75,474.93,32.74,20.63,80.33687829797726
287,406.79,66.88,549.64,20.99,15.23,74.52252424439645
288,515.0,71.55,463.39,29.72,20.39,79.53331151416228
289,554.47,62.33,491.55,32.1,20.8,82.05100951602795
290,349.79,71.3,444.22,43.17,19.79,79.27797475615183
291,416.82,62.54,443.67,38.06,20.54,79.40984957967403
292,513.57,62.9,513.24,38.19,20.99,84.33268469366139
293,307.41,68.2,437.61,34.4,20.43,77.33476852355243
294,412.93,64.04,508.25,23.43,22.25,81.49978880899963
295,546.89,65.98,456.67,34.25,20.63,80.61632066489456
296,346.8,67.1,439.82,22.53,18.92,73.34462546762049
297,505.86,58.58,492.65,28.11,21.8,81.89770656734392
298,393.53,75.43,523.27,36.34,23.33,86.52266525014466
299,236.35,64.69,552.64,25.42,21.23,81.30584332890685
300,449.09,64.73,551.04,25.05,18.94,80.3098425647896
301,418.8,62.1,519.86,30.32,20.82,81.84587026464429
302,589.61,64.47,439.54,36.64,19.72,79.53145048771452
303,258.47,62.94,538.89,30.98,20.36,80.9356036211518
304,467.0,66.46,559.27,31.58,19.55,83.09916169602384
305,489.95,68.1,515.87,24.1,21.57,82.01679266716634
306,316.88,69.17,488.31,30.68,22.35,81.48331274861071
307,369.7,77.02,519.5,29.77,21.63,82.66199960755507
308,469.79,60.12,482.82,32.07,21.8,81.98936446350258
309,494.77,70.94,480.85,32.46,21.72,82.41206985813145
310,420.17,73.65,440.93,25.16,17.18,72.71677771272243
311,95.05,70.5,544.69,35.19,21.76,82.56351366077537
312,496.22,70.26,532.63,36.39,18.07,81.40524762059663
313,474.87,64.92,446.38,36.65,21.11,80.52526339307491
314,433.25,70.51,543.55,34.22,19.31,82.41012398103568
315,475.87,75.18,555.13,22.79,20.38,82.30532780337906
316,321.82,67.79,556.93,35.92,18.83,81.7690835267336
317,437.66,58.16,515.19,25.94,21.39,81.40975965640521
318,474.76,62.63,448.13,24.54,17.86,73.95310761968457
319,397.51,72.56,652.55,40.54,17.1,86.25213428063483
320,310.1,66.95,488.29,30.86,20.43,79.06639884944059
321,370.22,61.34,562.73,27.6,21.75,84.04351700030891
322,524.82,75.46,489.42,30.76,20.17,80.98565959371243
323,581.88,68.97,385.11,35.03,19.07,75.74369719773648
324,428.06,76.39,464.54,22.11,22.14,79.392778179391
325,410.17,67.47,480.86,35.31,18.43,78.17125088379669
326,395.91,63.34,461.53,31.04,20.49,78.53233662519474
327,482.81,63.63,534.15,36.74,20.23,83.87067574532705
328,322.37,65.59,452.43,37.82,18.16,76.1258667062856
329,450.65,74.23,555.7,30.86,17.79,80.69684925265562
330,403.55,64.98,457.0,36.39,15.64,73.70513802660726
331,324.58,64.4,489.1,29.01,18.04,75.86113572629347
332,379.16,56.39,520.41,43.48,20.17,83.43909865189612
333,318.21,61.23,505.08,23.58,20.43,78.22141293211153
334,642.67,66.7,498.99,29.42,22.93,85.34880802201043
335,433.13,60.54,541.59,32.84,20.72,83.44146013566571
336,355.45,62.17,546.76,29.01,19.92,81.22565701995113
337,506.96,59.45,436.15,44.72,21.68,82.6133511203422
338,418.36,58.45,485.78,25.31,23.6,82.32663862063556
339,590.26,64.53,503.99,48.82,20.79,86.7014242226732
340,307.56,63.46,526.1,45.23,18.43,81.53655827555373
341,465.52,73.38,437.49,30.21,19.98,77.45621298783449
342,432.21,74.73,525.83,19.77,22.35,82.17035739665751
343,562.84,60.83,443.92,32.99,21.0,80.15787406362426
344,494.91,60.73,431.2,24.33,21.18,77.22784303055445
345,532.07,63.18,476.06,28.33,20.34,79.71836864968516
346,426.22,60.09,499.07,30.71,20.49,80.5095655179213
347,452.8,66.03,533.47,27.58,19.0,80.13399212565379
348,403.18,64.44,455.99,32.71,17.68,75.30835637211743
349,340.97,61.29,457.55,31.72,21.9,79.63570614120836
350,528.42,75.49,533.11,30.94,16.58,78.86960374540145
351,491.85,65.53,431.84,26.6,22.02,78.88276412639327
352,448.38,63.41,437.13,39.02,21.61,80.9068233615376
353,494.36,56.54,500.79,33.22,18.06,78.71637883542323
354,392.54,66.17,494.35,27.44,21.69,80.88026676527943
355,430.17,67.99,572.52,26.32,21.22,84.34084232125419
356,480.51,61.09,527.99,16.82,19.76,78.54596328090565
357,416.46,72.67,566.17,25.57,19.07,81.25772056284661
358,382.9,64.17,471.22,30.33,19.04,77.00233869154847
359,329.83,59.27,476.0,33.03,18.42,76.45483564314458
360,329.67,69.36,524.0,25.93,18.57,77.74980448294333
361,520.1,65.09,466.78,31.17,22.18,82.05679430222408
362,336.29,75.93,498.95,37.92,19.92,81.01199533821374
363,298.51,65.6,506.85,18.93,21.33,78.32800897113788
364,552.24,61.75,429.71,25.31,22.14,79.08600349808195
365,608.0,69.23,412.09,27.04,19.36,75.9340909004653
366,565.83,74.6,471.81,23.99,16.95,75.07220414052253
367,416.33,63.91,529.51,27.86,19.87,80.66206439429824
368,414.18,71.9,533.35,32.34,20.72,83.0692516314648
369,507.57,64.54,510.68,30.15,18.55,79.47655246146924
370,454.25,69.63,484.57,27.65,18.83,77.62945893379535
371,420.08,67.17,569.23,30.59,17.7,80.72259344155535
372,435.76,70.59,462.48,14.51,18.87,73.56603550837804
373,427.41,59.39,492.56,42.71,18.48,80.3613433917014
374,458.83,65.17,475.88,34.03,17.78,77.234823404187
375,528.04,66.94,466.43,24.43,22.27,80.79939776550349
376,268.61,68.05,493.37,22.66,20.46,77.21388689828926
377,494.19,74.83,462.08,36.64,20.71,81.2720488535131
378,517.06,61.62,499.56,30.49,21.48,82.56050003047116
379,391.31,71.72,480.77,24.79,18.39,75.76502994336889
380,494.38,70.29,443.03,26.54,20.02,77.15409414568681
381,404.73,70.39,486.97,22.93,19.85,77.52382623381408
382,410.85,67.63,558.82,32.5,14.96,77.22556137043786
383,364.22,66.13,562.83,28.09,18.98,80.87261112474818
384,447.95,73.26,462.81,27.88,19.12,76.99592554244008
385,505.98,66.91,454.61,34.35,21.7,81.48735672145422
386,330.27,67.88,432.49,19.48,18.37,71.51696332637223
387,479.19,68.32,413.28,34.93,19.13,76.23699063674262
388,532.95,72.25,480.65,19.73,21.04,79.17855683641038
389,316.49,70.16,483.13,35.01,17.5,76.30917483647741
390,469.57,75.84,542.75,29.47,18.92,81.33987525553827
391,741.84,67.76,446.12,28.2,16.27,75.3072796169383
392,390.23,70.23,497.86,35.61,20.4,81.3679865774557
393,426.37,64.91,492.65,23.22,20.91,79.19975206458066
394,454.12,58.25,431.13,42.05,20.55,79.89198887636279
395,203.14,61.21,498.55,29.56,21.53,79.48854991397464
396,384.44,68.52,538.6,25.84,20.43,81.1898191999642
397,409.37,57.33,520.93,31.43,23.56,85.24792545063126
398,481.15,59.99,457.59,30.32,23.32,82.29946141017562
399,428.72,67.2,510.11,41.88,17.76,80.40863111585888
400,292.28,65.71,553.17,44.82,18.88,83.26092436864857
401,395.26,68.67,570.49,30.0,19.91,83.15458656194421
402,459.82,59.56,507.04,28.09,18.62,78.35416533996006
403,557.76,70.36,437.08,22.03,18.92,75.11798614151485
404,415.45,63.55,498.69,35.66,18.39,79.02252315110078
405,469.26,62.85,483.0,29.33,23.46,83.48634668347883
406,584.2,57.79,474.05,32.05,21.14,81.72791721247732
407,400.09,73.32,506.2,35.08,17.53,78.35884471068155
408,418.56,57.89,489.29,26.67,22.93,81.97098324673841
409,458.33,65.9,522.88,23.15,23.82,84.53798550816917
410,263.51,70.25,470.52,26.14,19.62,75.83581174517802
411,387.12,62.15,529.71,35.33,18.97,80.89650743332037
412,429.9,64.16,471.81,27.98,22.38,81.00168304538845
413,485.29,61.35,425.84,41.3,19.12,78.10115470224532
414,325.1,72.26,477.03,21.87,18.62,74.63041600536012
415,497.27,69.54,482.41,22.6,20.78,79.17575434703902
416,333.18,74.4,592.07,33.03,19.99,84.57971448209578
417,461.66,67.35,448.67,28.78,19.98,77.49383470159465
418,510.32,65.63,481.27,30.6,19.34,79.12958246570318
419,374.1,66.93,559.07,27.91,19.07,80.86857028265753
420,306.29,78.42,505.82,27.04,20.83,79.87471031796288
421,493.73,67.91,520.21,32.12,21.53,83.96661640340044
422,284.03,73.11,510.01,22.42,22.13,80.29812495736478
423,443.08,63.09,425.4,42.13,19.31,78.1548001052659
424,330.09,65.08,540.57,23.11,20.56,80.25530721649336
425,409.61,61.32,517.2,28.91,20.92,81.42100543459397
426,353.19,67.47,492.75,23.03,21.85,79.7078353651292
427,354.52,69.43,525.45,27.06,20.44,80.56809809652316
428,358.65,69.87,456.79,34.54,20.58,79.01479792011733
429,448.91,59.06,494.91,36.2,19.79,80.83199861456445
430,556.38,67.67,505.58,31.46,21.69,83.85570858185898
431,393.15,79.34,524.46,24.26,18.49,78.17078364112234
432,383.81,69.79,536.12,28.87,18.94,79.95029065932857
433,333.18,67.19,455.99,24.44,19.5,75.1473776836528
434,523.61,72.49,457.0,17.54,20.04,76.2328404984884
435,538.14,68.93,517.35,31.1,21.45,83.93880659091703
436,467.53,67.4,518.1,31.17,20.73,82.42922501625155
437,413.9,66.99,459.17,37.49,18.5,77.67659130008018
438,471.18,61.91,474.56,38.21,20.92,81.916542064812
439,387.67,57.6,504.14,32.28,23.46,84.28812375099007
440,508.92,71.72,450.16,28.76,22.54,81.22592079573249
441,375.08,70.47,541.09,28.7,22.64,84.59116072734594
442,279.56,60.16,498.96,27.71,21.76,80.05216788930032
443,644.33,69.11,493.47,23.08,19.56,79.68001643459617
444,348.68,54.74,505.62,26.22,20.58,79.10350493009837
445,471.51,64.38,457.5,36.12,22.56,82.67595223821154
446,318.17,67.54,481.72,26.96,20.91,78.56043145181107
447,502.92,66.86,503.88,28.45,18.2,78.36502671961138
448,344.73,69.33,582.97,25.66,20.71,83.35339910517071
449,512.38,64.85,550.13,28.24,20.16,83.02484666044495
450,396.79,69.0,537.58,28.73,17.9,78.82593735367733
451,304.98,65.86,504.93,37.61,19.34,79.96788134414793
452,519.14,75.88,508.54,38.76,18.17,81.21617502707458
453,552.48,61.77,472.53,37.27,19.99,81.21988521807982
454,294.6,64.7,465.8,26.83,21.87,78.61189372759036
455,458.81,65.05,468.79,30.32,19.92,78.66601471573547
456,442.59,64.02,473.26,34.16,20.23,79.92686196918191
457,389.2,66.37,467.75,36.57,22.49,82.50233814190192
458,492.9,64.18,503.19,30.89,20.42,81.3925933761139
459,463.58,68.0,557.1,36.5,17.01,80.99567839084574
460,505.58,64.75,532.24,33.8,18.59,81.3814371937123
461,460.39,63.06,472.57,30.22,19.99,78.87529907795623
462,317.47,72.69,533.85,19.6,20.48,79.15565995518583
463,518.51,63.58,488.63,38.7,18.89,80.73708805025554
464,334.81,74.82,435.7,29.56,20.44,76.63012117915805
465,309.68,64.47,532.05,26.87,19.79,79.51608181990899
466,514.45,70.54,563.74,40.73,18.68,84.81384617064154
467,399.29,62.45,454.53,28.7,20.99,78.28597357082288
468,418.03,71.3,587.47,35.02,19.88,85.34087496477511
469,454.94,73.46,468.75,27.47,21.16,79.7472921969895
470,485.68,63.36,510.03,30.29,20.16,81.19634798433367
471,435.74,62.95,489.69,29.07,20.35,79.68262975034258
472,476.45,70.5,490.27,41.75,17.86,80.04532040154237
473,466.82,61.01,490.91,26.77,23.16,82.88106818918719
474,481.99,68.66,482.62,26.82,22.07,81.51073810140898
475,435.44,69.09,537.99,25.66,20.38,81.5413728449739
476,389.91,60.34,531.11,26.98,20.17,80.57158429250532
477,523.11,65.72,512.93,34.87,21.54,84.42545545701104
478,391.83,67.46,488.67,29.37,20.18,79.21687358513391
479,406.42,67.79,512.32,20.78,22.9,81.95746779739083
480,421.65,62.86,470.51,33.73,19.56,78.6590021783189
481,514.33,69.9,477.86,40.09,19.73,81.66556992743448
482,407.8,58.63,443.47,32.62,20.02,77.3867585098543
483,482.6,68.85,501.61,33.95,22.43,84.46066266407989
484,431.37,68.28,497.87,35.93,18.49,79.44064906430356
485,399.1,63.06,452.42,29.51,18.69,75.58147458503515
486,530.73,69.51,479.04,26.05,16.1,74.38598260066858
487,524.2,66.22,490.26,35.69,17.87,79.04771030092947
488,392.01,60.81,524.51,32.14,20.21,81.45317347799143
489,493.01,68.37,480.9,30.87,23.26,83.8481531437501
490,440.35,61.77,495.02,15.21,24.43,81.87871785950375
491,448.51,71.69,443.51,30.25,18.72,76.03128346064074
492,350.6,63.68,499.58,25.63,21.78,80.40029783760271
493,326.68,68.79,468.03,14.06,23.39,78.18357945659378
494,582.22,66.8,484.85,38.42,21.54,84.37786592973389
495,484.27,59.6,417.33,38.51,20.98,79.26813102509209
496,448.66,60.13,506.07,36.63,21.5,83.58391168385972
497,445.88,70.61,562.22,34.35,19.37,83.5565494563685
498,339.53,70.17,489.89,42.38,19.48,80.87091996821556
499,489.59,61.64,501.62,28.5,21.92,82.51143211574936
500,340.86,67.38,474.52,29.56,18.51,76.0605837183232
501,334.74,55.75,476.83,33.06,20.96,79.53214146349883
502,473.07,66.48,549.21,21.4,20.91,82.08073559085241
503,411.77,72.13,528.15,32.63,20.19,82.21549787805705
504,317.35,73.77,530.84,33.95,20.75,82.50114459037815
505,408.27,53.59,494.54,37.19,19.29,79.89808101966455
506,350.99,67.21,519.39,31.17,19.69,80.16076344186028
507,346.08,66.22,470.84,35.91,22.82,82.51395489783509
508,641.82,70.85,492.04,28.49,20.03,81.38858821768137
509,389.34,64.62,501.71,28.74,20.31,79.78179438924595
510,411.99,69.55,471.91,20.41,19.97,76.4134384025617
511,451.17,71.87,466.65,30.01,20.43,79.23306359082687
512,563.82,66.71,445.79,17.58,21.08,77.15242516771616
513,619.39,76.64,458.11,31.75,19.4,79.60984064310696
514,408.6,63.62,531.98,29.54,21.62,83.19785059996535
515,539.34,56.89,411.92,27.9,21.82,78.12611960552533
516,256.53,73.87,564.35,27.38,21.67,83.29241887050509
517,354.28,73.41,579.26,34.28,18.58,82.67015990610834
518,507.92,72.54,519.55,23.02,17.95,77.85752483620661
519,425.68,66.17,541.99,40.96,22.84,87.9008600380328
520,552.64,70.45,482.21,30.5,17.82,77.83114731537619
521,391.95,65.05,498.99,31.18,17.94,77.33897217930429
522,508.16,73.45,569.21,26.69,19.36,82.86522885973133
523,526.59,71.63,509.25,26.35,18.41,78.77770932825364
524,433.87,70.29,450.55,23.28,18.17,74.01590139954662
525,376.8,73.01,429.84,30.99,18.3,74.38653030955952
526,480.65,67.05,519.77,40.31,19.44,83.0546736851026
527,525.87,70.53,515.47,17.45,22.38,81.92259409020213
528,317.23,63.66,468.44,21.87,19.69,75.1892790583003
529,517.12,70.51,494.43,31.88,20.81,82.04680316328248
530,428.86,69.7,521.64,36.13,19.63,82.06555665601398
531,470.93,62.66,442.87,23.06,18.92,74.6210477934747
532,344.61,65.31,558.47,40.16,22.06,86.83248025735503
533,406.71,61.05,471.32,34.57,17.45,76.13393819134454
534,418.22,68.44,541.29,27.67,19.88,81.36215050051032
535,222.05,65.76,516.31,24.42,21.34,79.31637240457093
536,319.14,64.41,475.5,39.0,18.4,77.75801806962218
537,396.56,62.55,496.34,24.53,17.98,75.77365292306375
538,514.78,75.08,580.69,31.55,19.69,85.00486447644228
539,599.67,72.14,516.85,23.6,20.01,81.17807826392763
540,463.5,64.16,433.55,27.36,21.51,78.21721136373392
541,445.1,76.24,454.04,19.93,19.33,75.13476994742093
542,391.45,64.43,458.14,31.47,18.49,76.01988840674558
543,413.52,66.8,547.91,25.42,19.95,81.19477879855731
544,302.26,69.76,559.13,33.05,20.03,82.58427717003745
545,191.13,66.46,505.33,38.35,24.47,85.354393874426
546,382.61,63.93,441.07,33.91,17.46,74.3606460434764
547,396.79,60.78,509.56,27.24,20.48,80.01003904774927
548,553.94,68.17,528.24,26.99,20.03,81.97981812848259
549,337.59,69.07,436.66,28.45,22.64,78.96968359769848
550,392.91,69.08,486.31,27.45,21.54,80.38634518850715
551,473.42,73.04,537.09,29.66,20.79,83.32709416416456
552,414.09,63.77,543.28,19.36,23.75,84.17311601180555
553,323.12,60.26,555.3,29.45,18.02,79.09020316019593
554,407.74,65.87,462.36,25.91,21.66,79.05138582519038
555,454.17,68.73,562.74,33.79,22.23,86.95491875431723
556,369.88,56.43,401.18,26.97,19.61,73.14558025430019
557,419.24,66.64,449.75,37.67,19.33,78.29483137118237
558,447.09,74.98,467.79,16.6,21.02,77.12376844743206
559,334.51,61.74,529.77,32.39,18.39,79.0603548797824
560,571.56,68.59,423.89,37.54,20.12,79.38777150034315
561,429.85,63.52,474.59,30.8,20.47,79.4191071330121
562,415.38,67.12,470.44,30.9,19.88,78.48766784167303
563,491.46,64.29,529.45,23.17,19.01,79.28645354709055
564,400.3,72.74,532.7,31.47,20.29,82.22152695910383
565,424.15,64.17,478.11,24.49,19.35,76.82057394719229
566,516.41,71.69,463.73,38.38,17.17,77.55149148660222
567,309.84,68.72,515.29,18.31,18.57,75.45196702051602
568,295.59,65.07,487.57,26.88,25.89,84.60356277872833
569,487.21,73.16,516.39,27.69,17.91,78.5014921402377
570,334.26,65.85,476.42,32.64,19.82,78.31549417454559
571,317.09,56.22,537.43,40.14,21.03,84.0260840475066
572,512.91,72.64,470.48,25.31,16.81,74.58632967227992
573,414.05,67.71,533.11,36.5,18.14,80.7158180758229
574,540.5,70.33,449.13,40.71,17.44,77.84570675431691
575,376.09,59.06,409.51,32.91,24.04,80.36686949572075
576,396.42,63.33,494.98,36.19,22.0,83.15684284206223
577,460.97,61.55,483.66,37.92,18.73,79.54283285724253
578,521.01,70.81,501.11,25.58,22.17,82.69591155889539
579,418.91,73.85,403.89,27.68,18.6,73.1468061372704
580,378.56,62.32,517.29,34.14,18.84,79.78839609209491
581,339.69,60.03,457.73,37.32,22.23,81.22269807506873
582,460.84,65.38,469.39,23.78,19.86,77.22069795866483
583,460.36,71.84,480.97,25.65,21.26,80.08141760580706
584,361.73,62.69,606.54,26.98,22.61,87.08758761649543
585,516.95,64.91,571.34,32.14,18.67,83.16526205255245
586,423.43,73.03,547.52,30.43,19.15,81.56537833086918
587,408.48,72.34,541.4,28.96,19.65,81.39112858111473
588,533.41,62.46,498.38,26.84,21.25,81.59751803580284
589,514.2,73.91,517.72,29.86,20.97,83.02460283742197
590,363.72,70.34,455.34,19.85,21.66,77.10125767865189
591,548.6,59.28,495.5,32.61,19.13,80.1918554021566
592,319.63,64.05,479.97,42.39,21.05,81.93277472039024
593,452.09,68.04,497.41,26.48,20.92,80.48402310293108
594,588.84,59.48,490.26,38.81,19.61,82.24337045717694
595,305.59,66.34,494.9,40.45,18.97,79.66077873105988
596,331.22,68.92,498.02,30.24,18.93,77.84118602182795
597,408.05,64.89,503.25,35.37,19.18,80.11467104541867
598,518.58,72.27,537.05,22.27,21.5,82.96200111393615
599,434.14,67.18,512.59,34.33,20.0,81.64920089832361
600,452.69,61.15,516.44,26.03,18.61,78.33784942976611
601,417.02,63.26,510.1,33.36,20.72,81.92097866657397
602,513.18,66.79,467.57,36.01,20.32,80.8808492143751
603,323.58,70.01,581.43,25.41,19.42,81.48208493006618
604,457.41,64.64,449.34,26.55,19.85,76.76664166464494
605,451.79,64.81,479.34,25.42,18.74,76.6149254878005
606,501.35,60.53,491.91,33.56,20.06,80.95391027039624
607,363.12,64.42,541.6,25.98,15.93,75.59623298159794
608,429.43,54.46,466.26,37.87,21.44,81.47057921595204
609,601.69,62.27,513.35,34.59,21.75,85.2608603914487
610,507.02,67.15,465.89,22.05,15.84,72.25983058071492
611,492.1,64.26,487.15,29.75,18.62,78.15660678323191
612,502.24,59.73,508.08,37.84,20.06,82.67829439174797
613,466.69,74.42,450.15,35.7,21.82,81.55901156161677
614,510.18,62.33,489.15,36.04,18.77,79.92433367453422
615,415.71,72.92,578.54,33.81,20.81,85.78630600048142
616,554.6,68.23,451.62,36.05,15.29,74.40994677032191
617,382.99,75.37,569.44,29.35,20.15,83.32795128517245
618,549.94,66.77,541.59,27.54,17.67,79.82190980584338
619,396.01,65.32,506.07,33.56,17.7,77.96423598997856
620,426.43,64.94,511.59,22.77,19.05,77.78502437897512
621,496.46,71.67,506.02,23.78,18.54,77.93907785397482
622,468.18,60.39,499.39,37.14,20.35,82.15325441506305
623,414.54,63.83,471.22,37.01,20.2,80.15078253345347
624,604.84,63.33,425.31,24.95,20.86,77.7597733707514
625,408.96,64.41,410.76,40.17,19.99,77.55029690920212
626,403.39,69.81,481.78,26.01,19.19,77.10983126505344
627,410.23,67.59,523.99,34.1,20.46,82.51648662630119
628,504.22,70.2,512.51,21.19,18.79,78.02802958915059
629,542.63,66.71,529.89,28.96,19.3,81.46191549923886
630,480.15,62.97,624.89,35.84,19.7,87.49286027096973
631,502.93,75.33,455.46,27.95,16.75,74.32947648227876
632,346.62,73.09,472.38,17.08,21.38,76.9227634045884
633,417.19,55.89,443.52,37.17,20.82,79.36415285800392
634,564.62,60.59,450.62,33.33,19.2,78.38913691254758
635,465.63,57.48,410.19,46.61,20.4,79.75082601542194
636,522.57,64.45,440.81,26.73,21.39,78.84197792888511
637,365.65,66.42,469.64,30.11,20.83,78.95457379903242
638,407.76,62.65,463.12,30.13,21.95,80.27362872594084
639,490.16,68.75,446.8,19.41,19.02,74.48630457204276
640,511.14,73.54,514.14,22.92,17.48,77.05398138384255
641,275.67,66.66,519.74,32.57,20.25,80.46063286683965
642,251.43,66.27,521.58,24.27,19.74,77.88550045465207
643,416.07,70.99,636.3,37.93,16.37,84.11375896940146
644,477.3,68.91,535.76,26.58,16.36,77.12874981341704
645,557.14,64.2,510.56,28.48,19.39,80.56846261543183
646,452.28,68.4,354.59,41.63,19.81,75.3700537446653
647,508.39,72.28,443.12,34.34,20.32,79.41230075666711
648,626.57,75.41,507.22,18.13,20.11,79.96289032789069
649,517.51,63.42,501.32,18.01,17.84,75.55455467871836
650,513.48,62.26,496.91,33.46,21.43,83.0029564111105
651,386.46,65.68,437.97,35.8,20.89,78.86850090491691
652,553.89,58.9,489.98,35.24,19.98,81.56244791916909
653,493.2,59.25,549.43,35.52,19.09,82.9503457888457
654,330.99,61.56,487.47,33.39,18.96,77.83359454167206
655,546.47,78.43,514.34,13.34,19.01,77.28674445184302
656,438.74,66.06,484.49,30.68,18.61,77.7789219642012
657,434.62,65.12,540.18,34.84,19.99,83.06490901271152
658,440.1,67.33,524.27,20.5,19.66,78.85083506406013
659,473.19,63.82,523.85,33.85,18.39,80.41097554904799
660,376.68,61.21,559.33,31.79,19.61,82.24825440854006
661,568.0,68.15,477.54,22.12,21.23,79.98234423604798
662,488.49,61.43,414.28,29.2,20.26,76.29679427772197
663,372.81,64.95,512.9,30.04,19.27,79.21733563358555
664,552.45,64.23,545.09,27.6,21.09,84.11231478891436
665,408.85,57.4,479.23,26.92,23.62,82.2613741207655
666,362.21,67.24,521.25,32.25,19.57,80.44692701288758
667,476.88,67.59,474.33,24.12,22.51,80.96614876826949
668,355.96,68.63,523.29,23.45,18.93,77.82894223516328
669,337.81,66.86,563.76,34.91,17.24,80.07695546081258
670,417.91,74.42,503.08,39.05,18.72,80.71044835017034
671,474.68,67.83,477.05,29.1,20.1,79.25099895330864
672,463.95,69.81,490.72,28.76,19.16,78.67182805873104
673,378.55,61.62,448.47,22.14,21.73,77.23622573627034
674,476.15,75.47,497.76,30.76,18.49,78.91585952652983
675,389.66,57.28,447.41,31.04,23.58,81.35517711457233
676,502.85,63.61,528.29,34.98,21.35,84.73708434640976
677,497.11,69.16,558.35,24.09,22.63,85.50582987731958
678,379.79,69.86,545.41,26.84,18.9,79.88433183051411
679,346.56,73.59,554.21,24.13,22.36,83.73051658467423
680,414.04,72.84,565.88,21.7,19.74,81.19315152701091
681,352.26,60.77,508.31,26.31,21.8,80.94007860709867
682,500.72,67.13,537.88,27.35,21.69,84.03706448159654
683,347.56,56.8,499.61,37.12,20.55,81.19984096262557
684,314.92,61.62,467.21,41.21,19.43,78.96314214280814
685,307.25,62.31,527.04,38.03,21.68,83.9192617546283
686,501.56,67.32,462.4,29.37,18.62,77.01710457788695
687,445.37,68.21,520.6,24.84,20.57,80.7952822736368
688,254.0,59.79,546.05,31.44,19.71,80.47318248265674
689,324.91,69.28,467.7,19.54,19.22,74.30059217992938
690,437.67,64.5,452.2,33.64,21.86,80.71493790551742
691,498.77,62.01,536.85,28.49,22.17,84.65619482664103
692,413.45,62.18,457.21,34.95,18.69,77.11519832858494
693,420.23,69.05,537.76,28.42,17.77,78.82479044048814
694,577.42,59.65,445.78,36.23,19.5,79.23767543451704
695,388.17,68.09,489.09,26.66,17.81,75.75216232602051
696,349.36,71.26,489.71,33.67,21.92,82.04006037445951
697,490.52,76.76,479.59,23.33,21.19,79.83442694396858
698,484.76,67.23,548.47,23.38,20.68,82.32559955375751
699,286.85,62.83,542.19,39.77,22.88,86.33704964915442
700,405.17,71.79,462.71,30.38,22.6,81.33034128749756
701,555.7,68.34,498.53,33.89,16.8,78.11305002471198
702,335.1,65.71,431.51,37.33,19.18,76.33800534339166
703,419.66,78.27,517.67,32.9,17.71,78.98808738055696
704,440.15,68.74,489.35,26.08,19.22,77.84313032280386
705,512.7,67.44,518.06,32.46,19.5,81.6298092183247
706,407.44,56.79,560.7,30.4,21.27,84.18435245259818
707,466.05,65.37,502.1,23.48,22.9,82.5171251756377
708,437.0,70.58,570.01,30.0,20.62,84.42769897254611
709,555.17,72.11,506.37,27.02,19.89,80.85255681833662
710,427.35,74.58,512.26,23.92,21.29,81.06858782535477
711,443.27,61.04,531.0,33.55,20.07,82.38848043631344
712,477.47,67.03,639.14,25.28,18.34,84.32981960226086
713,415.28,65.16,568.23,29.44,21.55,84.99514049325226
714,402.89,73.44,548.27,14.45,22.24,81.68355821969512
715,419.47,60.4,498.3,13.49,21.77,78.20689265045927
716,486.53,62.02,485.3,39.77,19.59,81.31956041355298
717,364.0,61.41,553.77,28.59,17.81,78.976999629419
718,402.67,66.53,542.36,17.53,20.61,79.88848882555155
719,397.77,68.7,550.07,34.29,21.48,85.00860962445505
720,486.09,62.72,510.67,40.89,19.78,83.07042250541564
721,575.27,70.91,446.82,33.55,19.87,79.44937291329751
722,484.73,60.93,496.54,35.5,17.47,78.3230908712322
723,460.33,75.35,503.7,28.5,22.02,82.85423441569633
724,380.75,71.29,515.56,31.02,20.18,80.91922717651994
725,425.79,72.85,476.53,32.25,16.59,75.34725420833804
726,479.27,64.91,484.62,29.74,22.97,83.21090940179387
727,442.88,66.29,441.67,36.16,18.19,76.38558289427587
728,497.3,64.49,447.6,24.38,18.83,75.32760354084394
729,343.97,59.26,554.5,29.39,17.57,78.65339933886922
730,479.81,65.8,499.66,39.94,15.96,77.70765890390352
731,342.94,62.11,546.14,29.49,18.66,79.65419194713242
732,394.31,66.79,473.17,34.26,20.24,79.59323870112375
733,356.18,72.63,504.18,27.64,19.07,78.0807619819617
734,444.04,72.3,483.75,33.21,20.02,80.23102497074797
735,462.31,65.08,426.0,38.66,22.71,81.78512340866634
736,474.26,67.05,517.02,36.02,20.37,83.0507278587006
737,498.71,63.22,469.06,35.23,18.38,78.19650782780502
738,510.89,68.68,558.96,23.87,18.68,80.8049743298659
739,452.14,75.57,579.45,30.76,18.06,82.23324761919748
740,538.8,57.02,494.62,27.38,18.15,77.66172754065458
741,528.06,64.93,522.08,40.25,20.71,85.07155175982317
742,545.65,66.14,483.97,31.65,19.26,79.73318889055862
743,347.88,71.73,570.28,29.41,20.86,83.82168705330957
744,369.44,71.3,569.25,39.05,20.54,85.674872397264
745,308.65,70.92,479.08,33.87,17.21,75.4564886140429
746,488.99,54.1,446.35,22.87,23.29,79.98193598038797
747,463.37,57.59,538.41,33.21,20.37,83.13287695462138
748,543.09,72.81,480.47,24.06,19.15,77.93030294362053
749,381.4,68.25,478.52,32.08,19.94,78.94107580618487
750,510.41,65.83,496.33,30.64,17.64,77.82865639466577
751,426.19,64.17,533.04,32.53,22.05,84.60247290902902
752,518.98,57.0,484.65,28.09,20.19,79.61697413745297
753,440.74,64.08,453.08,38.31,21.48,81.3347132447727
754,420.01,68.1,541.42,41.73,20.41,85.09330044529538
755,478.61,67.1,557.23,36.09,19.13,83.59822023584748
756,377.94,69.84,500.01,30.85,20.59,80.54131192582648
757,535.46,64.48,550.75,34.89,20.22,84.78304238342933
758,370.64,66.18,567.97,23.87,17.62,78.61400695164122
759,303.03,60.16,469.35,34.15,21.03,79.3183928480834
760,510.95,66.79,476.89,24.49,22.29,81.19580954918675
761,412.93,59.52,530.76,41.73,18.13,81.4901640531428
762,459.98,67.28,500.75,27.41,21.71,81.86300934363237
763,344.15,69.08,525.81,21.81,19.94,78.7263846075237
764,408.81,65.43,460.45,39.54,18.36,77.92809710644254
765,586.04,80.14,435.41,27.05,20.68,78.80274224381647
766,415.48,57.22,524.17,19.48,20.04,78.57504991779486
767,569.1,70.99,521.69,22.01,16.21,76.14580741719587
768,506.88,61.57,433.56,33.86,20.03,78.16574300122456
769,428.22,66.13,497.76,22.18,20.61,78.91303793398845
770,538.25,65.59,529.91,38.92,19.75,84.11565513673659
771,446.19,67.78,523.41,34.14,20.21,82.52675964197726
772,305.19,63.24,477.79,32.77,21.56,80.18543248056095
773,481.5,75.27,455.82,30.57,18.1,76.36175375596646
774,381.06,76.08,511.15,33.21,19.95,81.03741135094243
775,468.81,69.15,570.02,30.46,19.78,83.75937729557968
776,381.0,71.34,458.59,36.56,19.14,78.04316187639964
777,409.41,61.14,476.53,37.29,19.1,79.01773677776615
778,383.94,71.63,507.82,15.61,21.41,78.69722198425534
779,513.91,59.8,546.16,25.69,19.86,81.77793507561124
780,456.9,70.93,502.55,28.34,17.39,76.98560199577852
781,533.45,61.13,428.63,31.21,18.76,76.03002330146805
782,492.75,71.5,495.72,32.11,18.98,79.74468388664091
783,330.17,67.71,508.71,30.33,18.58,77.92311094589458
784,412.06,66.57,522.75,22.88,20.72,80.30516086829657
785,360.91,71.21,450.57,42.88,21.18,81.31639296809348
786,378.16,58.82,462.9,33.73,18.56,76.5562853443654
787,310.41,69.04,527.76,32.25,18.41,78.93929058968385
788,504.03,71.49,518.46,40.84,19.65,83.69886153511825
789,465.31,73.23,507.18,29.62,20.14,80.97544275162174
790,431.26,53.25,380.84,33.84,23.82,79.22030887430532
791,347.68,66.08,508.22,37.25,21.34,82.87681510642649
792,156.05,59.99,489.75,28.91,21.13,77.95942324437047
793,489.39,72.05,426.38,37.57,19.62,78.25760034508818
794,362.73,69.28,482.62,29.94,19.3,77.75812138958675
795,421.39,55.97,451.86,29.25,18.96,75.82890860991036
796,572.9,59.42,502.12,36.12,19.7,82.20597425874037
797,460.78,64.28,560.54,31.2,15.11,77.57072622295398
798,499.75,67.2,536.88,30.68,17.57,79.70687867392175
799,453.78,58.24,442.83,26.21,20.58,77.04223795826458
